rowid,prof7_id,sand,clay,silt,DEPTH,ndvi_mean_years,ndvi_years_range,ndvi_mean_summer,ndvi_summer_range,mean_slope,sd_slope,median_slope,q5_slope,q95_slope,mean_aspect,sd_aspect,median_aspect,q5_aspect,q95_aspect,mean_twi,sd_twi,median_twi,q5_twi,q95_twi,dem1k,tm_1,tm_2,tm_3,tm_4,tm_5,tm_6,tm_7,tm_8,tm_9,tm_10,tm_11,tm_12,rr_mean,rr_range,soil_unit,landcover,lithology
1,5001,44.825,24.4,30.775,10,0.669502497,0.111928821,0.788389325,0.155115366,0.268522352,0.149109527,0.252943099,0.05396723,0.532853246,2.134512663,1.792090416,1.826097608,1.23235178,6.111690998,4.990684509,0.661558032,4.853266239,4.09824419,6.209798336,657.5797119,-3.237069368,-0.54788661,3.881137371,8.321554184,12.94182587,16.44449234,18.27703667,17.85533142,14.01536751,9.064543724,2.98118639,-2.401804209,1197.481323,855.0999756,4,126,6
2,5002,52.15,24.475,23.375,10,0.608454943,0.131546199,0.735582352,0.155107677,0.137195483,0.139448389,0.088999435,0.014526613,0.454932839,3.506852627,1.912737012,4.047032356,0.281424046,5.99289608,5.961891651,0.749236405,5.894860268,4.745937347,7.19946146,526.2047119,-2.844805956,-0.076863989,4.461153507,9.034972191,13.6683979,17.18920898,18.99040413,18.54918098,14.63384247,9.561591148,3.452909708,-1.98578465,1164.498291,840.2000122,4,126,2
3,5003,32.1,30.2,37.7,10,0.622684598,0.136426926,0.713122904,0.258569241,0.486639738,0.126514703,0.498560727,0.274972767,0.679356158,3.285117865,0.644092858,3.312142372,2.099979401,4.233816147,4.229920864,0.592825055,4.062437057,3.568300962,5.560858727,1534.660034,-3.439611912,-3.000147104,-0.277829409,3.401186466,8.080918312,11.64915276,13.67763805,13.46807003,9.986469269,6.014461517,1.026949167,-2.420421124,1268.545776,808.0999756,4,93,25
4,5004,51.1,20.7,28.2,10,0.498004079,0.115836561,0.631830692,0.266038477,0.066412866,0.072589032,0.042776655,0.004591178,0.248778209,3.376700401,1.509563208,3.354072571,0.685569763,5.64598608,7.182443142,0.868842483,7.169578552,5.684144974,8.613650322,450.2125244,-2.585101128,0.205000222,4.799918175,9.471074104,14.11664867,17.65355873,19.4327774,18.98797226,15.02395535,9.858201027,3.752316475,-1.70303452,893.0271606,596.3000488,4,122,2
5,5005,50.8,17.8,31.4,10,0.468861729,0.164715379,0.612443566,0.365923077,0.027941409,0.043438215,0.010990255,0.002579645,0.118351668,2.462700367,1.301566482,2.484872818,0.491099834,4.937851906,8.520606995,0.89790833,8.491895676,7.122569561,9.906294823,448.3337708,-2.533624887,0.253671616,4.855549335,9.544011116,14.19127941,17.7327404,19.50861168,19.06457138,15.09299469,9.908501625,3.803050995,-1.648933887,906.0949097,599.5999756,4,122,2
6,5006,54.8,19.6,25.6,10,0.467203468,0.199192315,0.542003274,0.257415384,0.017499596,0.032135513,0.008305841,0.002206688,0.066733763,2.80288744,1.30467701,2.825273752,0.200295568,5.130822182,9.470019341,0.78859973,9.679004669,7.812337399,10.31799126,446.5821533,-2.535811901,0.238617763,4.837862492,9.533192635,14.1791687,17.72288132,19.50021935,19.05511284,15.08562183,9.8957901,3.791158199,-1.656752348,907.8186646,594.000061,5,126,1
7,5007,49.9,21.3,28.8,10,0.700412691,0.133342326,0.776021361,0.129453838,0.101120867,0.103732303,0.065910324,0.006019883,0.339479297,3.292087078,1.590530992,3.311316967,0.153423131,6.022654057,6.496648788,1.365626693,6.321270466,4.593506813,9.621390343,470.1651917,-2.662165165,0.111197501,4.694833279,9.360791206,14.00224209,17.54166603,19.32520485,18.88132858,14.92796612,9.767769814,3.65875721,-1.791580081,908.9762573,585.4000244,5,11,1
8,5008,44.925,25.25,29.825,10,0.674285829,0.097724974,0.783241808,0.125995576,0.201964706,0.124837555,0.179709047,0.038100064,0.431090623,3.676216602,1.213039875,3.667945385,1.255670667,5.674031258,4.91849041,0.550563931,4.873291969,4.103336811,5.843636513,608.8726807,-3.076325893,-0.349964529,4.133488178,8.642175674,13.26850796,16.78081894,18.60199547,18.16801643,14.29288197,9.288081169,3.174378633,-2.240814686,958.5390015,656.3999634,5,126,18
9,5009,50.075,21.525,28.4,10,0.708676338,0.142360747,0.806272268,0.122723103,0.260873914,0.131440416,0.261649966,0.050162476,0.480306178,4.199795723,1.455455065,4.469696999,0.62194103,5.883152962,4.524867058,0.620141268,4.311663628,3.805796146,5.68200779,602.1914673,-3.118890047,-0.398805022,4.081766129,8.598474503,13.22487736,16.73935127,18.55907631,18.12580681,14.25240135,9.242181778,3.131158113,-2.2845819,952.4118652,657.9000244,3,93,18
10,5010,30.3,30.025,39.675,10,0.609974504,0.104590356,0.731347561,0.140722513,0.182770237,0.14125888,0.159486473,2.43E-04,0.447607905,3.488805532,2.012032509,3.950767994,0.19120121,6.112619877,5.467781067,0.909471631,5.412093163,4.137000084,7.018631935,478.0958862,-2.699890614,0.097486854,4.674193859,9.303559303,13.94568062,17.47686386,19.2617836,18.81905365,14.8708477,9.746965408,3.635282516,-1.820557714,956.5762939,657.2999878,4,122,18
11,5011,41.3,20.4,38.3,10,0.642982721,0.136111557,0.767343462,0.162315369,0.162727371,0.132438481,0.127159849,0.014109912,0.424936652,3.340761423,1.969884634,3.141331434,0.299454361,6.132906437,5.709014893,0.926848829,5.812460899,3.995762825,6.922664642,474.0621643,-2.66596508,0.12159764,4.707244396,9.360141754,14.00308895,17.53912544,19.32003784,18.87722778,14.92372894,9.775779724,3.667485952,-1.789147139,928.3779907,615.1000366,4,126,2
12,5012,39,25.5,35.5,10,0.570475161,0.137730151,0.699492812,0.194023073,0.0181334,0.038850214,0.009161025,0.002478084,0.053675298,2.449703455,1.416675568,2.21206069,0.383290261,5.550148964,8.518456459,0.895057678,8.276741028,7.373797894,10.06063938,450.870636,-2.5543468,0.242417768,4.844177246,9.519011497,14.16785145,17.70562172,19.4820118,19.03712463,15.06875706,9.897512436,3.790988684,-1.668233991,914.6186523,604.3999634,4,122,1
13,5013,44.5,23.5,32,10,0.560706079,0.135411561,0.675776958,0.148846149,0.168219984,0.129435644,0.136101216,0.022418106,0.432187349,3.825808525,1.992420793,4.561850548,0.305534035,6.066298962,5.463148594,0.797824204,5.287679195,4.282339096,6.944983959,502.8643799,-2.708775282,0.095465273,4.673646927,9.289999962,13.93280506,17.46042442,19.2453804,18.80221558,14.85658264,9.743001938,3.632090569,-1.828567505,942.7644043,643.5,5,122,18
14,5014,41.825,21.65,36.525,10,0.588124752,0.117696166,0.734909117,0.207161546,0.173423827,0.105682008,0.158653796,0.025874766,0.366953105,2.065578222,1.562942028,1.530629039,0.406043708,5.482915878,5.240103722,0.839312613,5.098897934,4.075250626,6.970175743,513.0429688,-2.797949791,-0.010388668,4.555631638,9.167909622,13.80822849,17.33525467,19.12381172,18.68228531,14.74669552,9.641279221,3.529802322,-1.926380515,908.5474854,645.1000366,4,126,18
15,5015,53.3,18.2,28.5,10,0.658004582,0.117650032,0.797056139,0.14763844,0.36254099,0.162257865,0.358936459,0.112738356,0.666730225,3.865748167,2.351357222,5.171442032,1.77506423,6.206709862,4.314698219,0.73799485,4.098056793,3.193331003,5.550958157,717.9191895,-3.580809355,-0.881380975,3.512821198,7.90983057,12.52977085,16.03240204,17.85855675,17.44803238,13.63508511,8.717085838,2.662372828,-2.732449532,890.8305054,642.4000244,5,126,25
16,5016,37.9,30.9,31.2,10,0.718482554,0.099665344,0.789497852,0.097807705,0.226391479,0.140499577,0.214827403,0.033907056,0.478662521,4.809468746,1.046198964,5.034256935,0.581074297,5.855395317,4.95036459,0.590151191,4.866473198,4.209239006,6.266409397,585.5222168,-3.221131802,-0.425505131,4.072088718,8.561440468,13.19177151,16.69406891,18.49499702,18.06276703,14.18146896,9.196610451,3.107627153,-2.347184181,847.4440918,702.1000366,5,126,25
17,5017,46.175,25.375,28.45,10,0.618733168,0.119916439,0.713091075,0.177446187,0.157993749,0.13267675,0.122416876,0.016002199,0.431827039,2.378389597,1.378650069,2.08798933,0.121765122,4.349084854,5.260190487,1.111938834,5.114723682,3.653195858,7.092370033,630.7264404,-3.34535265,-0.608686447,3.837124109,8.291101456,12.91025162,16.40906715,18.22178841,17.79756737,13.94734478,8.991005898,2.926610231,-2.487479448,851.4881592,667.6999512,5,93,25
18,5018,53.9,20.2,25.9,10,0.608395934,0.150869548,0.730186462,0.207596183,0.083357416,0.059296712,0.072111905,0.015775025,0.199060485,2.793611288,1.554219842,2.460004807,0.678495288,5.847757816,6.801177979,0.833184481,6.68853426,5.61330986,8.338101387,548.6641235,-2.973510265,-0.160759166,4.386987686,8.93903923,13.57676315,17.09310722,18.88696098,18.44704819,14.53028297,9.485976219,3.371836185,-2.097895145,892.9830933,667.8999634,NA,93,25
19,5019,26.4,38.3,35.3,10,0.508144557,0.087172866,0.659404993,0.268784642,0.209218696,0.179434478,0.164179727,0.007415242,0.551039457,3.21866703,2.232817173,3.143666744,0.405689687,6.143755913,5.237236023,1.328555226,5.0420928,3.380571604,8.370215416,513.2224731,-2.923974991,-0.07230942,4.483788967,9.031469345,13.67036629,17.17861557,18.95705414,18.51971054,14.59160995,9.543958664,3.460367203,-2.019409657,832.4050903,642.000061,4,91,1
20,5020,11.4,33,55.6,10,0.52112931,0.123259634,0.653609514,0.212861598,0.174416944,0.16426532,0.107910275,0.011647576,0.514431179,2.864688396,2.198307991,2.122124195,0.739589393,6.180484772,5.471127987,0.975890398,5.457214832,3.921328068,6.8559618,483.5289917,-2.797566891,0.090384707,4.688518524,9.259943962,13.91238403,17.42500114,19.20144844,18.75699806,14.80511379,9.73829937,3.624604702,-1.882586122,849.9796753,643.9000244,4,122,1
21,5021,72.6,8.975,18.425,10,0.517352343,0.305340767,0.66152817,0.370461553,0.046513997,0.105196297,0.014744164,0.003946562,0.37913689,2.903725386,1.494899869,2.702795744,0.840938151,5.804070473,8.502559662,1.4545995,9.022937775,4.678919792,9.777299881,481.9914856,-2.805276155,0.077400424,4.669190884,9.243305206,13.89250946,17.40511322,19.17873192,18.73581314,14.78497219,9.713450432,3.612118721,-1.888299584,861.713562,631.3999634,6,122,1
22,5022,23.3,18.6,58.1,10,0.607996821,0.133095622,0.750635743,0.155123115,0.283443302,0.208827987,0.267896175,0.023535524,0.667427719,2.89272809,2.443642855,1.688800335,0.960567415,6.18024826,4.924741268,1.04689908,4.797019005,3.550328493,6.576917171,539.2628784,-2.886632204,-0.100767091,4.441962719,9.013163567,13.6486063,17.16740227,18.96388817,18.52367401,14.60519791,9.539502144,3.430197716,-2.020339012,908.927124,602.7000732,6,126,25
23,5023,40.75,20.875,38.375,10,0.742112339,0.072998106,0.799998879,0.127969205,0.329470038,0.181357473,0.314977735,0.065814413,0.63792628,3.306674004,1.415727735,3.112501144,0.144569978,5.826010704,4.432930946,0.642246962,4.264407635,3.645546913,5.640958309,816.4462891,-3.94067812,-1.313610435,2.976900101,7.261723042,11.88357067,15.38881397,17.24250984,16.85196877,13.10539532,8.2710495,2.238615751,-3.114844322,915.2084961,599.3999634,NA,93,25
24,5024,58.5,18.7,22.8,10,0.302358001,0.069276929,0.360880852,0.094061553,0.016100785,0.017485829,0.011356774,0.002402465,0.046641685,2.734382868,1.492980003,2.758812428,1.613909483,5.587683678,9.459643364,0.286363453,9.447980881,8.991710663,9.955621719,438.1188354,-2.500710726,0.286788255,4.894013405,9.586327553,14.23526573,17.77635574,19.55177689,19.10642433,15.13262749,9.941935539,3.838559389,-1.615172267,914.0932617,571.3999634,4,11,1
25,5025,38.4,22.4,39.2,10,0.507864058,0.179910451,0.644533992,0.269615412,0.011322421,0.019266417,0.007620618,0.002018619,0.024568263,2.65260148,1.512973666,2.485217571,0.493016779,5.790008545,9.952030182,0.385968238,9.980422974,9.272950172,10.56113052,426.9618225,-2.45839262,0.343462467,4.955358028,9.641299248,14.29264641,17.82946396,19.60311699,19.15686226,15.17844677,9.992892265,3.891808033,-1.565746307,909.3745728,567.9000244,NA,122,1
26,5026,50.4,23.8,25.8,10,0.414678454,0.207750618,0.523216307,0.332746178,0.013518916,0.015799029,0.009227737,0.002364238,0.037680008,2.777590275,1.402181149,2.612740278,0.2201415,5.423212051,9.808698654,0.324098885,9.862134933,9.135252953,10.25127697,425.1241455,-2.453089237,0.353014112,4.963203907,9.646892548,14.29942608,17.83508492,19.60768127,19.1627388,15.18370056,9.998414993,3.898728848,-1.557681799,905.3660889,569.500061,6,122,1
27,5027,26.2,29.6,44.2,10,0.504480362,0.126633942,0.591591895,0.161723077,0.146776095,0.20703724,0.038580827,0.004779364,0.613452911,2.904031515,2.072171211,2.641946793,0.533758819,6.155457973,7.350625992,2.14302969,8.174022675,3.585886478,9.942169189,419.0612488,-2.431519985,0.379694402,4.99196291,9.675028801,14.32829475,17.86370087,19.63441849,19.18996811,15.20884228,10.02329159,3.924858809,-1.533269525,943.4017334,583.2000122,6,122,1
28,5028,49.8,19.9,30.3,10,0.49391976,0.123559624,0.577726483,0.142892271,0.089179799,0.135706559,0.023298474,0.003300059,0.406548321,2.884393692,1.895043492,2.85260582,1.766297936,6.13391304,7.48493433,1.790041208,7.421551704,4.463359833,10.03640366,426.1262207,-2.459103346,0.344065726,4.955139637,9.63909626,14.29048634,17.82757187,19.60024643,19.15382767,15.17689323,9.992373466,3.891582012,-1.565746307,938.4711914,576.7000122,6,122,1
29,5029,41.6,23.3,35.1,10,0.499951273,0.101465374,0.604099035,0.142030776,0.019067964,0.016648076,0.014370887,0.002872259,0.048045021,2.694806099,2.057162523,2.155738831,0.679978371,6.138363361,8.870197296,1.455531836,9.538081169,6.465827942,10.38225842,428.3070068,-2.468452692,0.332303584,4.94190836,9.629265785,14.28020763,17.81932259,19.5924015,19.14740372,15.16864395,9.982395172,3.879322052,-1.576161861,946.9390259,598.9000244,NA,125,1
30,5030,34.5,25.2,40.3,10,0.485116929,0.172926933,0.628982723,0.264192343,0.033432718,0.062103841,0.011283117,0.002431989,0.158781111,2.987985134,1.345818758,3.029869556,1.075243115,5.620673656,8.058405876,0.687385738,8.118545532,6.848378658,9.154931068,439.5682983,-2.514625549,0.288501918,4.890705585,9.561723709,14.21052551,17.74494362,19.52033997,19.07460403,15.10392666,9.933488846,3.833333492,-1.623974919,878.3356323,576.8000488,6,93,2
31,5031,51.875,18.45,29.675,10,0.402057767,0.165655613,0.494867325,0.252252221,0.090633489,0.095433891,0.059502322,9.41E-04,0.306926787,3.041260958,2.354095221,2.534154892,1.092413783,6.208565712,6.739949226,0.815213025,6.842635155,5.149323463,7.835715294,442.0560608,-2.305030107,0.509809434,5.103007317,9.708023071,14.3608532,17.88367271,19.67832184,19.23212242,15.26765537,10.14130688,4.025028229,-1.416566491,1066.237305,670.0999756,6,11,18
32,5032,41.65,26.175,32.175,10,0.66105932,0.109088957,0.76223886,0.166776955,0.094286084,0.078964785,0.070189014,0.017333578,0.264679581,2.524978638,1.396155357,2.483622789,0.598252594,5.48665905,6.652609825,0.726968467,6.807394028,5.147567749,7.637256622,558.9987793,-2.472498655,0.257945418,4.755877495,9.225056648,13.86596489,17.3791523,19.21987534,18.78570366,14.88358784,9.883980751,3.749011278,-1.625587821,1116.903442,716.0999756,6,93,2
33,5033,50.8,23.2,26,10,0.554187238,0.091901302,0.656703711,0.128430784,0.07492996,0.13485916,0.020973753,4.90E-04,0.431511998,2.870061874,1.699907064,2.65455246,1.045321941,5.877552986,7.506257057,1.122957587,7.70387888,5.532158852,9.140240669,496.4886475,-2.127774715,0.64987272,5.200574398,9.695565224,14.34551716,17.85355949,19.69037819,19.24825096,15.31646919,10.27525997,4.125395298,-1.269819617,1145.376343,730.7000122,6,91,2
34,5034,60.25,18.175,21.575,10,0.514680803,0.084503859,0.6274966,0.172038496,0.081864372,0.122995511,0.023445383,5.81E-04,0.381488442,3.052391529,1.802217484,3.215792418,1.427841783,6.09801054,6.643986225,0.936473131,6.65601635,5.181848526,8.050236702,502.4330444,-2.153635979,0.615736425,5.160552502,9.645706177,14.29289246,17.79740143,19.63862801,19.19436836,15.27121544,10.24168968,4.088163853,-1.303253174,1138.881348,724.0999756,6,122,2
35,5035,22.2,30.5,47.3,10,0.643915534,0.09356302,0.734784484,0.128176928,0.139212385,0.119331166,0.098568246,0.019526033,0.405612707,3.95121789,2.203901291,5.175393105,1.57581234,6.187086105,6.022326946,0.896818042,5.9254179,4.790268898,7.390612602,517.1555176,-2.248086452,0.510476351,5.039338589,9.514434814,14.15932178,17.66663933,19.50956917,19.06941032,15.15446377,10.13726139,3.985028267,-1.401202917,1168.772949,740.8999634,6,126,2
36,5036,51.9,22.1,26,10,0.643915534,0.09356302,0.734784484,0.128176928,0.139212385,0.119331166,0.098568246,0.019526033,0.405612707,3.95121789,2.203901291,5.175393105,0.443257123,6.187086105,6.022326946,0.896818042,5.9254179,4.790268898,7.390612602,517.1555176,-2.248086452,0.510476351,5.039338589,9.514434814,14.15932178,17.66663933,19.50956917,19.06941032,15.15446377,10.13726139,3.985028267,-1.401202917,1168.772949,740.8999634,6,126,2
37,5037,47.7,20.6,31.7,10,0.69393158,0.111076891,0.751246631,0.147223055,0.146448374,0.121673867,0.095142573,0.02021577,0.386251181,4.019198418,1.869103074,4.720668316,0.113463081,6.106856346,5.997462273,0.709887087,6.091319084,4.688155174,6.920246124,596.9928589,-2.549972773,0.096160352,4.513176918,8.937994957,13.55965042,17.07502937,18.94573593,18.50746346,14.6256218,9.689530373,3.600028276,-1.718097329,1184.611938,746.9000244,6,93,2
38,5038,34.4,25.6,40,10,0.518897057,0.105503023,0.603815854,0.112879157,0.055411112,0.09459275,4.28E-04,0,0.23420684,3.396570444,1.650653958,3.099302053,0.33228597,5.940889835,8.297341347,2.634558201,7.514232635,5.100951195,11.93922329,507.1187439,-2.207435846,0.559000611,5.09614563,9.583643913,14.23097324,17.74067879,19.5785141,19.1375351,15.21257114,10.18294144,4.037938118,-1.353471875,1190.230469,772.5,6,91,2
39,5039,62.1,14.9,23,10,0.60723269,0.090873122,0.749130428,0.094953835,0.329421192,0.248246074,0.310424238,0.013313367,0.745109975,4.04371357,1.597379684,4.457901955,0.493463129,5.986537933,4.607874393,1.383100986,4.305182457,3.088053465,7.285317898,632.7894897,-2.589283705,0.043177556,4.445380211,8.863135338,13.48059082,16.99308014,18.8711586,18.43091965,14.55661011,9.631820679,3.549576283,-1.763149261,1115.78479,710.2999878,6,60,18
40,5040,30.2,22.7,47.1,10,0.567907155,0.091458797,0.693289936,0.1674698,0.082990669,0.117043927,0.035049431,0.005252048,0.356943756,2.279795408,1.599233985,1.759695411,1.441630483,5.679129601,6.941438198,1.31094408,6.973614693,4.815927982,8.861802101,506.791687,-2.171241045,0.597056866,5.139256477,9.626836777,14.27383804,17.7810173,19.62159729,19.1786499,15.2530508,10.22315502,4.071949005,-1.320256948,1105.091553,700.999939,6,126,1
41,5041,58.36666667,20.2,21.43333333,10,0.583177984,0.11700958,0.68619895,0.147423089,0.219393566,0.177874565,0.185074285,0.009189509,0.549698114,2.756429434,1.80880177,2.145028591,0.529787004,5.947577477,5.218427181,1.313092589,4.838089943,3.755759478,7.943844795,512.4234009,-2.173099995,0.595549822,5.136741638,9.622457504,14.27047634,17.77703476,19.6185894,19.17556,15.251441,10.22252655,4.069774151,-1.323455453,1109.672852,704.6000366,NA,11,1
42,5042,68.325,16.2,15.475,10,0.69965291,0.0915519,0.781592071,0.139153898,0.150761977,0.153332412,0.09257213,0.005401802,0.466231316,3.717429638,1.371119857,4.06628561,0.270524204,5.536793709,6.203794003,1.419162989,6.240828037,4.007519722,8.690757751,620.5986938,-2.653581142,-0.051121954,4.312028408,8.709350586,13.31987476,16.83980179,18.72064018,18.28291512,14.41155434,9.516402245,3.468926668,-1.815937757,1084.732178,690.6000366,4,91,18
43,5043,54.6,20.2,25.2,10,0.66299957,0.085644186,0.736688077,0.18170768,0.094370604,0.106505729,0.050323635,0.004230591,0.310255706,3.408078671,1.423042536,3.768789768,0.651661098,5.391688824,7.257323265,0.827427924,7.352207184,5.7388587,8.363685608,539.0858154,-2.346500874,0.393606514,4.903745174,9.365424156,14.0077095,17.51519775,19.36219215,18.92528725,15.02096081,10.02137756,3.87220335,-1.506916404,1102.427124,704.1000366,4,91,18
44,5044,47.375,22.4,30.225,10,0.637821019,0.137667656,0.798518419,0.113361537,0.309712082,0.215366974,0.257404506,0.057957273,0.725946903,3.986967802,2.039467335,4.763257027,0.536714554,6.136928082,4.630054951,0.803841829,4.64315033,3.221162081,5.818029404,605.2734985,-2.997977018,-0.272301078,4.215828419,8.726949692,13.35423756,16.86737251,18.69037819,18.25483894,14.3753109,9.363969803,3.248474598,-2.162930489,1145.388184,804.0999756,4,130,6
45,5045,48.55,28.2,23.25,10,0.668861508,0.103530765,0.793260038,0.104223073,0.277737677,0.21678701,0.214808971,0.050575856,0.736663222,2.930798531,2.384896755,2.956386566,0.63844347,6.155984402,4.702544689,0.807933569,4.731803894,3.204574585,5.944069386,562.1270752,-2.887397528,-0.128011003,4.397785664,8.956666946,13.5893383,17.10858727,18.91353226,18.47348404,14.56703377,9.510360718,3.39983058,-2.033706903,1145.64917,810.3000488,4,126,6
46,5046,28.3,23.9,47.8,10,0.552042425,0.112801909,0.665175259,0.135992289,0.237936348,0.159199879,0.232332319,0.013028543,0.52890414,1.705677629,1.297317624,1.30900979,0.198998079,4.454644203,4.824255943,0.90387249,4.562476158,3.705565214,6.501866817,452.4729309,-2.559978247,0.232231572,4.830809116,9.505282402,14.15054703,17.68920898,19.4671402,19.02165222,15.0556221,9.885893822,3.778785467,-1.67709136,1022.369507,703.9000854,4,126,18
47,5047,62.05,17.8,20.15,10,0.398771167,0.158626139,0.524944901,0.215184629,0.091679953,0.177140117,0.012928102,0.002027873,0.540160656,3.312927485,2.012559414,3.22274065,1.116092205,6.097472191,8.649039268,2.626024246,10.26850796,3.826823235,11.09120274,436.8752747,-2.494040489,0.303015172,4.910060406,9.596920967,14.24628258,17.78635597,19.56016922,19.11514473,15.1398592,9.955194473,3.851073503,-1.604893446,991.5830688,679.2000122,10,11,2
48,5048,41.275,32.775,25.95,10,0.642114103,0.126796186,0.774373293,0.128853798,0.179069668,0.139188752,0.141844958,0.020825583,0.458780646,3.913137913,1.86791718,4.639356613,0.818923533,5.973823071,5.588985443,1.047126174,5.433564186,3.96147275,7.220693111,533.2236938,-2.842208862,-0.073345788,4.46889019,9.054463387,13.69116974,17.2135601,19.01030731,18.56965637,14.65067768,9.566922188,3.460339069,-1.982832193,1050.650879,745.9000244,10,126,18
49,5049,69.2,14.2,16.6,10,0.404119939,0.109055787,0.475819141,0.131638438,0.018729946,0.020355418,0.012633971,0.002624693,0.057242457,2.850486755,1.728486061,2.867466688,0.168496192,5.965713024,9.602035522,0.361708105,9.603006363,9.09419632,10.19275379,441.322113,-2.50967741,0.273074448,4.879387856,9.577740669,14.22375679,17.76539612,19.54201698,19.09688377,15.12522602,9.930864334,3.823672295,-1.626544595,912.6881714,578.8000488,NA,11,1
50,5050,57.2,19.325,23.475,10,0.389981508,0.117121935,0.492142439,0.235780209,0.016784703,0.022625713,0.009909499,0.001981744,0.054278057,2.804432631,1.753290772,2.648402214,1.097528815,5.923295021,10.12205505,0.536179602,10.18827248,9.153279305,10.83273602,436.4053345,-2.488299608,0.306511432,4.913996696,9.604124069,14.25339031,17.79372978,19.56675911,19.12307358,15.14641285,9.958939552,3.854887009,-1.600027323,950.9559326,623.5,10,11,1
51,5051,33,20.4,46.6,10,0.574032068,0.09025389,0.70497185,0.22126925,0.053253077,0.078656048,0.020219821,0.001971956,0.24124594,2.468047619,1.970273376,1.908783674,0.354097098,6.003750324,7.789364815,1.751782298,7.615224838,4.803582668,10.24831295,441.196106,-2.507189751,0.289200127,4.895544052,9.578276634,14.22539616,17.76519775,19.54103279,19.09447861,15.1219492,9.942099571,3.837203503,-1.619546175,1012.969482,692.3999634,4,122,18
52,5052,52.1,21.7,26.2,10,0.492276996,0.173166782,0.64622885,0.237930775,0.235331029,0.262023896,0.14053604,0.00250566,0.728120089,3.605098248,2.250782728,3.852436066,1.863663435,6.177480698,6.678756237,2.862362862,5.591635704,3.510268927,10.88388443,435.0827942,-2.490596056,0.306854814,4.914926052,9.601243019,14.25164032,17.7909317,19.56372452,19.11979294,15.14423752,9.959486008,3.855310917,-1.600601435,993.1644287,674.1000366,10,122,2
53,5053,62.1,19.6,18.3,10,0.486283183,0.101134598,0.574779451,0.098123074,0.01572703,0.017661387,0.010075446,0.002023469,0.050372232,2.698338509,1.824182987,2.392049313,0.207488209,5.932515144,10.00689697,0.456790447,10.08434486,9.102333069,10.66179562,433.0621033,-2.482640743,0.313976794,4.922799587,9.611977577,14.26235676,17.8020916,19.57498741,19.13067245,15.15355968,9.966129303,3.862683773,-1.5918262,948.9203491,612.000061,4,122,1
54,5054,52.6,13.4,34,10,0.572702229,0.165305793,0.730871439,0.224092305,0.254528552,0.280719519,0.123527102,0.003922265,0.732640147,3.228532314,2.290805817,3.314597607,0.166613221,6.22783947,5.875617981,2.500179291,5.338331223,3.029278278,10.63073635,433.7520752,-2.53007102,0.260555655,4.862520695,9.545621872,14.19332981,17.73245811,19.50918579,19.06372452,15.09279728,9.914434433,3.808474541,-1.644395828,991.9830933,663.1999512,4,122,2
55,5055,59.6,21.8,18.6,10,0.501799703,0.217386544,0.640537322,0.303338468,0.237828821,0.220199496,0.160614282,0.026523465,0.655611515,3.442022324,2.439121008,4.747121811,0.139550477,6.194072723,5.080973148,0.998547733,5.156719685,3.219604969,6.417602062,440.5864563,-2.5090487,0.286315411,4.891060829,9.573700905,14.22167873,17.76138496,19.53665924,19.09040451,15.11855984,9.938136101,3.834519863,-1.621569157,989.9864502,647.6000366,4,126,1
56,5056,57.6,13.7,28.7,10,0.506223321,0.087827802,0.629340589,0.181692302,0.309585482,0.27235654,0.295256466,0,0.815885425,3.22152853,2.406858683,3.155331373,0.154046118,6.203007698,5.321172714,1.740216017,4.909121037,3.074790478,8.769960403,416.3999939,-2.429688454,0.391699702,4.984937191,9.630537033,14.2784586,17.80203438,19.57222557,19.12824059,15.15692139,10.00218678,3.92305088,-1.528813601,1123.63562,708.6000366,NA,126,2
57,5057,63.6,13.6,22.8,10,0.577833652,0.09829998,0.747039318,0.139876902,0.034116,0.091752872,0.005907898,1.39E-04,0.183684662,3.154042721,1.857414722,2.944028854,0.241128296,6.161010265,9.407063484,1.675523996,9.829995155,6.303103447,11.35664368,404.5460205,-2.391607523,0.432032228,5.027501583,9.669971466,14.32069492,17.84353065,19.61298561,19.16850853,15.19480228,10.04070568,3.962260008,-1.488955736,1089.901733,702.8000488,NA,122,2
58,5058,26.9,39.075,34.025,10,0.636178732,0.09704715,0.769101083,0.161030769,0.282874167,0.134314224,0.277405202,0.072432861,0.518682182,3.434326887,2.519118786,4.83279705,0.184123859,6.206576824,4.497303963,0.581832707,4.399045944,3.684005737,5.409068108,722.7270508,-3.231383324,-0.77747035,3.464215517,7.852458,12.4327507,15.91915321,17.75557709,17.35068321,13.55553722,8.693657875,2.787824869,-2.388627768,1244.805054,871.5999756,6,91,2
59,5059,46.2,23.8,30,10,0.599243999,0.104950368,0.738953829,0.160730779,0.105062403,0.153512746,0.028492568,0.003715244,0.475147367,3.213297606,2.480831623,3.227851391,0.880159259,6.184673786,6.074782372,1.151726723,5.992589474,4.428815842,8.669416428,401.0593567,-2.394231796,0.42926234,5.027719975,9.681214333,14.33193016,17.85672379,19.62542343,19.18034554,15.2039547,10.04021358,3.963276863,-1.490814686,1129.294922,727.3999634,4,91,2
60,5060,47.175,25.625,27.2,10,0.463683635,0.096888453,0.533380568,0.140992314,0.071192086,0.118411869,0.005308859,0,0.324909955,2.095462561,1.625486493,1.570796371,0.177064881,5.937193871,7.880703926,2.42243576,7.243160725,4.808342457,11.40070438,445.9500122,-2.585702658,0.210612014,4.772116184,9.388418198,14.03225803,17.5476265,19.31443405,18.87310028,14.92870045,9.79609108,3.745790958,-1.690678,956.9237671,601.1000366,4,93,2
61,5061,44.3,23.5,32.2,10,0.535657346,0.134109616,0.662141919,0.149469256,0.17999649,0.251285464,0.029464245,0.003320053,0.691722572,2.578777313,2.033978701,2.242240906,0.945741415,6.122919559,6.876081467,2.243823767,7.418477058,3.709244251,10.07703114,404.4429932,-2.396446228,0.424725533,5.032039642,9.700283051,14.3534174,17.88223267,19.65106583,19.20617867,15.22466087,10.05123043,3.963559389,-1.492810369,963.6796875,601.7999878,4,122,1
62,5062,54.8,25.6,19.6,10,0.561266363,0.156630754,0.734221876,0.24428463,0.014740434,0.026658401,0.008029964,0.0019448,0.049700554,2.819922209,1.820678711,2.5248909,0.996739745,6.002071381,9.835595131,1.034616351,10.16350842,7.144731522,10.75682259,391.8034058,-2.384390354,0.435905278,5.042646408,9.70584774,14.36221981,17.88689232,19.64559937,19.20407295,15.22613049,10.04808617,3.983163834,-1.470038295,948.0932617,594.5,4,122,1
63,5063,48.875,23.875,27.25,10,0.652184248,0.136080801,0.747748375,0.156784654,0.156972349,0.09913604,0.144803435,0.017316315,0.33908394,3.307854652,1.330745339,3.452112675,0.230389908,5.495854855,5.296761513,0.847106278,5.214408398,4.088319778,6.997028351,545.7276611,-3.021678686,-0.253566206,4.24075985,8.775395393,13.3965826,16.9047184,18.69513512,18.25929451,14.36745739,9.330235481,3.271412611,-2.15546751,861.7999878,588.5,6,122,25
64,5064,37.875,35.225,26.9,10,0.708525002,0.094305754,0.803094149,0.102846146,0.129156232,0.118547939,0.088398397,0.012110806,0.368383408,2.87873435,1.313090444,3.07210207,0.422919124,5.307745457,6.401236057,1.156563282,6.577368259,4.308243752,8.031732559,498.8126221,-2.939201832,-0.164476693,4.334472656,8.879096031,13.50043774,17.00632858,18.79136086,18.35456657,14.45471764,9.403608322,3.356581926,-2.069764853,923.2999878,614.3999634,6,91,25
65,5065,47.5,29.2,23.3,10,0.601028323,0.155383885,0.717579603,0.128953874,0.08199998,0.086848386,0.039880067,0.004387251,0.252757996,2.398802757,1.630362749,2.313400269,0.148355275,5.974900246,7.515257359,1.107092023,7.450043678,5.799727917,9.350182533,440.6209106,-2.551230192,0.250644982,4.831438065,9.466779709,14.1152544,17.63737297,19.40300751,18.96120834,15.0073452,9.857818604,3.792796612,-1.653444529,909.0949097,583.2000122,6,126,2
66,5066,57.2,21.8,21,10,0.579547644,0.141936541,0.71403116,0.168369234,0.075837068,0.10735175,0.032871261,0.004223541,0.278308004,3.30262208,1.698164821,3.266495228,0.475972325,5.94675827,7.351152897,1.513480306,7.148885727,5.028090954,9.59691906,437.8420105,-2.503389835,0.302254349,4.904073238,9.575198174,14.22372913,17.7576561,19.53171158,19.08613968,15.11502838,9.944396019,3.846977472,-1.610716224,850.4898682,591.000061,4,122,1
67,5067,53.5,21.8,24.7,10,0.709006608,0.158674955,0.765627861,0.15192306,0.100084223,0.130854905,0.047094956,0.004041329,0.425944179,3.121703863,1.395011425,3.485942602,3.376031637,5.290403843,6.825232983,1.509166241,6.900252819,4.318026066,10.10463715,499.8703613,-2.876298666,-0.089216836,4.441607475,9.006893158,13.63928413,17.15257072,18.9435215,18.50300789,14.58957672,9.523619652,3.43734479,-2.007271767,866.4373169,600.0999756,4,93,25
68,5068,57.125,19.65,23.225,10,0.557123125,0.116998583,0.698723674,0.217469215,0.222301468,0.124369457,0.212016106,0.048118532,0.432015419,2.273264885,1.51229012,2.811362743,0.37289685,5.364610672,4.59189415,0.73929441,4.416775703,3.668881416,5.953632832,534.6599731,-2.863696098,-0.075206645,4.459103584,9.028898239,13.66055202,17.17598915,18.96596527,18.52561569,14.60855961,9.541060448,3.451299429,-1.994313836,858.2999878,617.000061,4,91,25
69,5069,45.1,24.7,30.2,10,0.557017088,0.142819256,0.683164835,0.264338493,0.230198771,0.156292379,0.210662663,0.021519512,0.52119571,2.991785765,1.777150989,2.866000652,1.717665434,6.104745865,5.255878925,0.785896182,5.403100014,3.8958776,6.462395668,528.994751,-2.908419847,-0.099991657,4.448141098,9.015282631,13.65150356,17.16740227,18.95877647,18.51681328,14.59754276,9.536714554,3.430593252,-2.032586098,880.1813965,647.9000244,4,122,2
70,5070,49.275,22.525,28.2,10,0.559316337,0.123428822,0.67228967,0.194469213,0.096847214,0.116167113,0.052127272,0.007545052,0.346555054,2.652367592,1.724357963,2.378489017,0.450206965,5.909733772,6.48520565,1.235128164,6.767926216,3.831905127,8.022939682,497.2672424,-2.799999952,0.032215927,4.61224699,9.210028648,13.85503006,17.37680817,19.16041565,18.71634865,14.77358818,9.681930542,3.569209099,-1.908939362,876.7763062,639.7000122,5,122,25
71,5071,46.35,23.6,30.05,10,0.647278249,0.113109589,0.74193871,0.140161574,0.091257587,0.102751628,0.039522395,0.004583837,0.300680995,2.556096315,1.62581408,2.529516459,0.474754602,5.920135021,6.179769039,0.886348188,6.280135632,4.647978783,7.276273251,451.0019531,-2.595790148,0.197818741,4.791088104,9.454379082,14.10057449,17.63559341,19.41446114,18.96949196,15.0081358,9.847676277,3.743163824,-1.711946487,873.9932251,614.5999756,4,93,25
72,5072,47.7,24.4,27.9,10,0.580863953,0.116880417,0.702983379,0.148453891,0.383866906,0.191644654,0.349294841,0.160438433,0.721446037,1.915146232,2.479002714,0.489939392,2.098558426,6.227890015,3.890625238,0.550243318,3.945440769,3.004698038,4.679329395,518.6172485,-2.713258743,0.063130386,4.59204483,9.161158562,13.79119778,17.30474663,19.0970211,18.65576935,14.73649788,9.65913105,3.57985878,-1.848961234,1252.711914,892.2000122,9,126,2
73,5073,55.3,23,21.7,10,0.670390964,0.099951923,0.792627454,0.117376924,0.355767041,0.235447019,0.310518891,0.049422279,0.781484663,3.661145449,2.283838034,4.04049015,0.251633137,6.19556427,4.767138958,0.892390311,4.7132411,3.34226799,6.200139523,538.4963379,-2.868726015,-0.105912387,4.425943375,9.011497498,13.64308357,17.16485977,18.96011543,18.51946449,14.60446358,9.524767876,3.424971819,-2.0110991,986.1491699,632.8000488,NA,91,1
74,5074,57.375,18.7,23.925,10,0.5635885,0.092736542,0.672040939,0.13906157,0.118819982,0.181581795,0.034295138,0.004086187,0.581106424,2.617262602,2.165868759,1.992238641,0.081193306,6.155593395,6.955388069,1.612847686,6.844818115,4.261238575,9.576423645,410.1019287,-2.410360813,0.403612137,5.018972397,9.70101738,14.35475731,17.88929367,19.65921402,19.21451569,15.23056507,10.04559898,3.949858904,-1.509158015,941.0796509,583.3000488,6,122,1
75,5075,37.8,27.6,34.6,10,0.562956512,0.099363446,0.651615918,0.12402308,0.020113217,0.021516547,0.012167063,0.002609016,0.068422519,2.809096575,1.485566139,2.710186005,1.324295998,5.707456112,8.682125092,0.697225273,8.698989868,7.426198006,9.864795685,432.556427,-2.483023643,0.318089873,4.926517487,9.609548569,14.26058006,17.79881477,19.57096863,19.12657166,15.15081978,9.967031479,3.865734577,-1.591306686,885.8712158,579.9000854,4,122,2
76,5076,54.8,23.9,21.3,10,0.589424193,0.098823071,0.747401059,0.181400061,0.059799153,0.117797188,0.011383866,0.002622409,0.370969981,2.459196806,1.889257431,2.075289488,0.117876291,6.048083305,8.129066467,1.893093109,8.485525131,4.75347662,10.28929138,404.4273987,-2.373838186,0.446859598,5.062930584,9.742175102,14.39661026,17.92923737,19.6976757,19.25106621,15.26579094,10.0819025,3.989886999,-1.468862772,935.1847534,582.7000122,4,122,1
77,5077,53.9,22.9,23.2,10,0.647929013,0.164382696,0.758663833,0.193261564,0.090266876,0.111396074,0.019571166,0.003420389,0.313818187,2.204930544,1.446801066,1.922215343,0.593818903,4.770540714,7.114089966,1.810568333,7.477027893,4.243514061,9.882962227,646.2678223,-3.400710821,-0.653968036,3.734062433,8.11841774,12.71878147,16.20624352,17.9974041,17.59382248,13.76827717,8.832613945,2.88542366,-2.489775896,773.569519,493,4,122,9
78,5078,36.3,30.7,33,10,0.551220655,0.154123038,0.670364261,0.268161535,0.050055742,0.078613229,0.019987088,0.003969732,0.202585116,3.71872139,1.658534408,4.064174175,0.767506599,5.956842899,8.291508675,1.314520717,8.601509094,5.534106731,9.72531414,588.9412231,-3.103471994,-0.31863153,4.146090984,8.62036705,13.23080921,16.72590446,18.50596046,18.08490944,14.2071476,9.207763672,3.213163853,-2.196774244,811.288147,518.7000732,4,126,5
79,5079,61,19.4,19.6,10,0.486745387,0.174274504,0.583540559,0.242399961,0.09615732,0.133023471,0.03096913,0.004581135,0.39143461,2.318882704,1.350597024,1.957209349,0.974179506,5.068458557,7.148343563,1.666437507,7.117135048,4.148868561,9.360509872,577.5802002,-3.084609032,-0.288720071,4.196528435,8.689463615,13.30710793,16.80548096,18.59059715,18.16309547,14.27553654,9.268808365,3.242259979,-2.18635869,803.6254272,566.9000854,4,122,1
80,5080,56.1,22.7,21.2,10,0.546934664,0.222538441,0.639393091,0.274061561,0.013063933,0.020227777,0.008700017,0.002656663,0.028381797,3.132332802,1.132982016,3.063769817,1.478073597,4.999184132,8.850248337,0.686445653,8.700623512,7.974003792,9.882205963,587.5518799,-3.110278845,-0.322164357,4.152706623,8.638503075,13.25508499,16.75347519,18.53821754,18.11235619,14.2308197,9.22941494,3.209180832,-2.213477373,777.5491943,546.8999634,4,122,1
81,5081,31.6,35.9,32.5,10,0.551958263,0.134841651,0.66640085,0.267553866,0.10239815,0.120619372,0.053557925,0.00531041,0.379389405,3.301994085,1.361190438,3.631700993,0.503591001,5.184695721,6.341958046,1.331198692,6.14932394,4.663229942,8.831512451,558.5944214,-3.072963476,-0.259615302,4.254538059,8.767542839,13.39685631,16.89954758,18.68720627,18.25295258,14.3546896,9.339940071,3.27118659,-2.183871031,821.503418,627.6999512,4,91,2
82,5082,65.6,17.6,16.8,10,0.695457995,0.107236505,0.774355352,0.156569242,0.241161898,0.128895536,0.215446562,0.046750307,0.46122551,4.328080177,1.598275423,4.71973896,0.777928412,6.102244854,4.853853226,0.976724267,4.532994747,3.690442562,6.691687107,602.9080811,-3.192044973,-0.422214448,4.038108349,8.506073952,13.12022972,16.6157341,18.40653419,17.98286057,14.11550903,9.13326931,3.109887123,-2.304401398,796.5,592,4,93,1
83,5083,62.3,16.45,21.25,10,0.67830503,0.084617317,0.769236028,0.112830758,0.363541245,0.158540472,0.390292525,0.05604535,0.589731753,4.380590439,1.490596533,4.733436584,0.278047323,6.048902988,4.447603703,1.10756278,4.028524399,3.288303614,6.864664078,759.2108154,-3.817386627,-1.129589081,3.175751925,7.464802265,12.07304573,15.56593227,17.39106178,17.00041008,13.23759937,8.38326931,2.409632921,-2.951093435,810.8084717,527.6000366,4,126,25
84,5084,44.65,25.175,30.175,10,0.664426029,0.103682697,0.749295294,0.133992255,0.182385236,0.158070102,0.125438005,0.013855767,0.481376112,2.769088745,1.808921695,3.118001699,0.289477915,5.973530293,5.869813442,1.212111115,6.012872696,3.68793869,7.334663391,634.7609253,-3.387889624,-0.593453109,3.837315559,8.260508537,12.87624359,16.37624359,18.16845322,17.75161362,13.90740108,8.945161819,2.93293786,-2.495543957,801.1677856,532.7999878,4,91,18
85,5085,30.175,35.725,34.1,10,0.632686317,0.155917287,0.702047467,0.232569218,0.416695714,0.223467305,0.340234637,0.138689131,0.797894716,3.34455657,1.929106474,3.452502251,0.12846078,6.077075005,3.929888487,0.661850572,3.943130493,2.894345522,5.114528656,919.8234863,-4.020256996,-1.625351787,2.442099571,6.606130123,11.20032787,14.67833328,16.54549026,16.18485451,12.50217533,7.817987919,1.921299458,-3.193739891,776.4017334,526.9000854,5,93,9
86,5086,44.925,33.3,21.775,10,0.743851125,0.077261567,0.79140228,0.115869224,0.135241061,0.073243782,0.129697949,0.04104102,0.274100035,4.449123859,1.413428783,4.859267712,1.059189439,5.921389103,5.334518433,0.707615018,5.305323124,4.348583221,6.625692844,655.4893188,-3.405604124,-0.651460111,3.750656128,8.146553993,12.75399113,16.24432182,18.03906631,17.63201141,13.8016386,8.859021187,2.887090445,-2.50144887,801.425415,544.2999878,5,126,6
87,5087,26.05,34.85,39.1,10,0.666085422,0.148815334,0.790864468,0.171415389,0.353581607,0.143689856,0.329014927,0.125112757,0.60426867,4.411451817,1.829064131,5.241241455,0.419383019,6.118829727,4.335464954,0.891583085,4.078441143,3.235117197,6.140176773,695.4567871,-3.470093012,-0.728700876,3.665390968,8.05076313,12.66180992,16.15242958,17.95464706,17.54931641,13.72649765,8.797676086,2.810338974,-2.577556133,824.5491333,595.1000366,5,126,9
88,5088,72.9,13.475,13.625,10,0.687005877,0.10209775,0.792665184,0.133900046,0.4041982,0.140879467,0.402211785,0.175868675,0.641754627,3.587521315,1.723115206,3.566888332,0.449027896,6.068759918,4.060346127,0.487111211,3.996841669,3.425947666,4.958710194,973.7952271,-3.718616724,-1.61976707,2.251749516,6.370847702,10.93507385,14.40011311,16.28389931,15.93912029,12.28302288,7.69953537,1.965226054,-2.87684536,797.7999878,534.5999756,4,93,18
89,5089,44.3,27.55,28.15,10,0.72782594,0.135713458,0.810669899,0.110700011,0.322868288,0.131024197,0.304544657,0.136925504,0.576207936,4.639837742,1.134780526,4.764789581,0.391968131,5.963582039,4.458045483,0.581878543,4.338952065,3.699241638,5.44824791,619.4824219,-3.276216507,-0.533282518,3.904210091,8.355875969,12.96823406,16.460989,18.26284981,17.83977699,13.98855972,9.024521828,2.996836185,-2.405850172,862.2355957,620.500061,4,126,18
90,5090,53.925,20.65,25.425,10,0.72792232,0.122384667,0.800953627,0.14500767,0.369337112,0.243988797,0.35362035,0.014474055,0.71806556,3.30553484,1.31224072,3.312961578,0.101750247,5.712815285,3.943033457,0.713304162,3.868824959,2.96269536,5.180090427,767.5805054,-3.811427116,-1.139241934,3.168288708,7.463078976,12.07413864,15.5639267,17.39723969,17.00082016,13.23935032,8.392154694,2.396158218,-2.963340759,861.3915405,623.1000366,4,91,18
91,5091,70.6,15.1,14.3,10,0.591027141,0.1104846,0.710294485,0.203384578,0.041070983,0.040994599,0.026593473,0.003953101,0.127485484,4.047028542,1.984662294,5.000819683,0.118506856,6.111543179,7.968423843,0.917057216,7.806917191,6.886772156,10.08684731,517.7623291,-2.937206268,-0.07782416,4.487124443,9.035084724,13.67774773,17.18678093,18.96796036,18.52621651,14.59621525,9.552186966,3.456412554,-2.033898354,835.0423584,665.500061,10,122,2
92,5092,22.8,35.8,41.4,10,0.571704507,0.108601928,0.673861623,0.143223107,0.108419895,0.091634899,0.089714125,0.005275126,0.273435235,3.902784109,1.573264241,4.357076168,0.859949946,5.837677479,6.388055325,1.109254837,6.300858021,4.662816525,8.532414436,517.8282471,-2.980180502,-0.111064948,4.455303669,8.995903969,13.64100647,17.1502552,18.93124771,18.49002266,14.56248569,9.529387474,3.421073437,-2.076763391,814.0881348,652.5,3,122,2
93,5093,40.8,27.6,31.6,10,0.476445913,0.216582686,0.627400279,0.344299972,0.098499887,0.085342921,0.073028967,0.017777905,0.266337991,2.261749506,1.193929434,2.008753061,0.113718852,5.394505501,6.366145611,0.860356331,6.525009155,4.97219944,7.479658604,509.2831421,-2.91618371,-0.035209142,4.548906803,9.100734711,13.75062943,17.26115799,19.04147148,18.59732056,14.66059303,9.616156578,3.497711897,-2.009622812,812.6271362,631.6999512,3,122,25
94,5094,53.225,17.275,29.5,10,0.516388059,0.120780021,0.629980624,0.186159313,0.179688752,0.16399391,0.139890313,0.005607142,0.477885604,2.625506401,2.062246084,1.876758337,0.574542522,6.100779057,5.610994816,1.578494072,5.277213097,3.794076681,8.727897644,467.2452393,-2.801202774,0.120562345,4.734226227,9.300338745,13.95880318,17.46861649,19.23865509,18.79196358,14.83175182,9.771459579,3.655480385,-1.871241093,817.0355835,639.2999878,4,12,1
95,5095,46,22.8,31.2,10,0.626811326,0.118817329,0.745207369,0.177176952,0.307195991,0.133033797,0.290815055,0.117299162,0.551380813,2.727748632,1.183692217,2.882963181,1.679199934,4.257311344,4.395984173,0.475933075,4.305734158,3.688001156,5.293433189,868.5401611,-4.017277241,-1.416318774,2.821159124,7.046243191,11.66224766,15.15638447,17.01159096,16.63299751,12.91107368,8.11796093,2.1381073,-3.179797888,876.4525757,547.6000366,9,126,25
96,5096,44.2,25,30.8,10,0.564868927,0.135163456,0.6818856,0.165692329,0.118934438,0.102857396,0.096536025,0.010396835,0.318143427,2.779955387,1.223322392,2.752260208,0.29613325,5.665484905,5.87066555,0.900800288,5.7967453,4.438376904,7.386338711,676.0044556,-3.440322638,-0.691234231,3.708119154,8.101214409,12.7104435,16.20271301,18.00161362,17.59532547,13.76726055,8.830453873,2.848474503,-2.543083668,829.3406982,572.3999634,6,126,25
97,5097,36.35,26.95,36.7,10,0.590492666,0.16040194,0.702944815,0.210038424,0.34192884,0.178278133,0.342685193,0.053001583,0.642001331,2.41456461,1.790753961,1.615025043,0.132851228,5.725304127,4.438057423,0.9277156,4.269864559,3.346808672,6.187688351,665.6266479,-3.385730028,-0.616448224,3.821596622,8.247994423,12.86593819,16.36480331,18.16547394,17.74991798,13.90288162,8.948879242,2.9206779,-2.498113871,895.2932129,654.5999756,6,91,5
98,5098,45.3,21.9,32.8,10,0.630723178,0.144957662,0.735920906,0.159007728,0.130230367,0.121132508,0.095936351,0.019871237,0.40888074,2.714855433,1.086652398,2.640740871,0.213672221,5.053630352,6.159749508,0.681883276,6.169764996,5.007699966,7.104528904,572.5169067,-3.116293192,-0.299800664,4.219409466,8.728530884,13.36047077,16.86556435,18.65702629,18.22230721,14.32471752,9.318862915,3.232683659,-2.22960639,833.1135864,643.7999878,6,122,2
99,5099,30,35.8,34.2,10,0.699623287,0.107503831,0.803537607,0.116892278,0.288237959,0.14000088,0.276167959,0.079536058,0.538669527,3.717356682,1.973322988,4.649284363,0.29394716,6.060946465,4.342842579,0.593640506,4.358561516,3.529822826,5.318228722,703.6951294,-3.598387241,-0.876215875,3.504866123,7.872740269,12.48739815,15.98268414,17.80043793,17.39559937,13.58765602,8.682641029,2.664406776,-2.727309942,826.4101563,644.3000488,6,91,5
100,5100,41.875,14.925,43.2,10,0.717280209,0.088375628,0.786730289,0.105946183,0.348238051,0.151198432,0.335789293,0.123834766,0.626466334,1.629603148,1.104184866,1.241995573,1.737498879,3.695611954,4.599009037,0.977583647,4.394495964,3.415020704,6.822362423,798.2064209,-3.908720732,-1.252337813,3.03130126,7.29613018,11.91085339,15.4071188,17.24412346,16.85866547,13.11090374,8.275588036,2.296694994,-3.051120996,840.711853,524,NA,126,25
